sigma,tlow,thigh,width,height,mp,time,fps,psnr
1.00, 0.20, 0.60, 888, 900, 0, 1.579380, 0.633160, 4.84
1.00, 0.20, 0.60, 888, 900, 0, 0.876975, 1.140283, 4.84
1.00, 0.20, 0.60, 888, 900, 0, 0.796786, 1.255042, 4.84
0.60, 0.20, 0.60, 400, 100, 0, 0.225783, 4.429031, 5.04
0.60, 0.20, 0.60, 400, 100, 1, 0.208323, 4.800238, 5.04
0.60, 0.20, 0.60, 400, 100, 2, 0.224330, 4.457719, 5.04
0.60, 0.20, 0.60, 400, 550, 0, 0.449497, 2.224709, 4.95
0.60, 0.20, 0.60, 400, 550, 1, 0.400489, 2.496947, 4.94
0.60, 0.20, 0.60, 400, 550, 2, 0.347639, 2.876547, 4.95
0.60, 0.20, 0.60, 400, 1000, 0, 0.668850, 1.495104, 4.91
0.60, 0.20, 0.60, 400, 1000, 1, 0.485957, 2.057795, 4.91
0.60, 0.20, 0.60, 400, 1000, 2, 0.489725, 2.041962, 4.91
0.60, 0.20, 0.60, 850, 100, 0, 0.264680, 3.778147, 5.01
0.60, 0.20, 0.60, 850, 100, 1, 0.238984, 4.184381, 5.01
0.60, 0.20, 0.60, 850, 100, 2, 0.222415, 4.496100, 5.01
0.60, 0.20, 0.60, 850, 550, 0, 0.766226, 1.305098, 4.91
0.60, 0.20, 0.60, 850, 550, 1, 0.587946, 1.700836, 4.91
0.60, 0.20, 0.60, 850, 550, 2, 0.647457, 1.544504, 4.91
0.60, 0.20, 0.60, 850, 1000, 0, 1.235020, 0.809703, 4.86
0.60, 0.20, 0.60, 850, 1000, 1, 0.892668, 1.120237, 4.86
0.60, 0.20, 0.60, 850, 1000, 2, 0.921241, 1.085492, 4.86
0.60, 0.20, 0.60, 1300, 100, 0, 0.345757, 2.892205, 5.01
0.60, 0.20, 0.60, 1300, 100, 1, 0.323147, 3.094567, 5.01
0.60, 0.20, 0.60, 1300, 100, 2, 0.281988, 3.546250, 5.01
0.60, 0.20, 0.60, 1300, 550, 0, 1.072427, 0.932464, 4.90
0.60, 0.20, 0.60, 1300, 550, 1, 0.801715, 1.247326, 4.90
0.60, 0.20, 0.60, 1300, 550, 2, 0.809045, 1.236025, 4.90
0.60, 0.20, 0.60, 1300, 1000, 0, 1.830089, 0.546422, 4.86
0.60, 0.20, 0.60, 1300, 1000, 1, 1.246844, 0.802025, 4.86
0.60, 0.20, 0.60, 1300, 1000, 2, 1.274841, 0.784412, 4.86
0.60, 0.20, 0.75, 400, 100, 0, 0.203461, 4.914947, 5.04
0.60, 0.20, 0.75, 400, 100, 1, 0.201137, 4.971736, 5.04
0.60, 0.20, 0.75, 400, 100, 2, 0.211859, 4.720120, 5.04
0.60, 0.20, 0.75, 400, 550, 0, 0.444319, 2.250635, 4.98
0.60, 0.20, 0.75, 400, 550, 1, 0.376343, 2.657151, 4.98
0.60, 0.20, 0.75, 400, 550, 2, 0.346876, 2.882875, 4.98
0.60, 0.20, 0.75, 400, 1000, 0, 0.669077, 1.494596, 4.93
0.60, 0.20, 0.75, 400, 1000, 1, 0.528324, 1.892778, 4.93
0.60, 0.20, 0.75, 400, 1000, 2, 0.551872, 1.812014, 4.93
0.60, 0.20, 0.75, 850, 100, 0, 0.279674, 3.575592, 5.03
0.60, 0.20, 0.75, 850, 100, 1, 0.241351, 4.143343, 5.03
0.60, 0.20, 0.75, 850, 100, 2, 0.242552, 4.122827, 5.03
0.60, 0.20, 0.75, 850, 550, 0, 0.759902, 1.315959, 4.93
0.60, 0.20, 0.75, 850, 550, 1, 0.525703, 1.902215, 4.93
0.60, 0.20, 0.75, 850, 550, 2, 0.536222, 1.864899, 4.93
0.60, 0.20, 0.75, 850, 1000, 0, 1.237070, 0.808362, 4.88
0.60, 0.20, 0.75, 850, 1000, 1, 0.821283, 1.217607, 4.88
0.60, 0.20, 0.75, 850, 1000, 2, 0.827402, 1.208602, 4.88
0.60, 0.20, 0.75, 1300, 100, 0, 0.326745, 3.060491, 4.97
0.60, 0.20, 0.75, 1300, 100, 1, 0.269130, 3.715676, 4.97
0.60, 0.20, 0.75, 1300, 100, 2, 0.259471, 3.853995, 4.97
0.60, 0.20, 0.75, 1300, 550, 0, 1.063082, 0.940661, 4.93
0.60, 0.20, 0.75, 1300, 550, 1, 0.712957, 1.402609, 4.93
0.60, 0.20, 0.75, 1300, 550, 2, 0.728910, 1.371911, 4.93
0.60, 0.20, 0.75, 1300, 1000, 0, 1.792945, 0.557742, 4.87
0.60, 0.20, 0.75, 1300, 1000, 1, 1.153919, 0.866612, 4.87
0.60, 0.20, 0.75, 1300, 1000, 2, 1.199601, 0.833611, 4.87
0.60, 0.20, 0.90, 400, 100, 0, 0.211363, 4.731197, 5.01
0.60, 0.20, 0.90, 400, 100, 1, 0.203492, 4.914198, 5.01
0.60, 0.20, 0.90, 400, 100, 2, 0.202993, 4.926278, 5.01
0.60, 0.20, 0.90, 400, 550, 0, 0.445231, 2.246025, 4.97
0.60, 0.20, 0.90, 400, 550, 1, 0.340497, 2.936883, 4.96
0.60, 0.20, 0.90, 400, 550, 2, 0.341407, 2.929055, 4.97
0.60, 0.20, 0.90, 400, 1000, 0, 0.645270, 1.549739, 4.91
0.60, 0.20, 0.90, 400, 1000, 1, 0.520989, 1.919426, 4.91
0.60, 0.20, 0.90, 400, 1000, 2, 0.483097, 2.069978, 4.91
0.60, 0.20, 0.90, 850, 100, 0, 0.278348, 3.592625, 4.96
0.60, 0.20, 0.90, 850, 100, 1, 0.240029, 4.166163, 4.97
0.60, 0.20, 0.90, 850, 100, 2, 0.213700, 4.679457, 4.96
0.60, 0.20, 0.90, 850, 550, 0, 0.728155, 1.373334, 4.93
0.60, 0.20, 0.90, 850, 550, 1, 0.512678, 1.950542, 4.93
0.60, 0.20, 0.90, 850, 550, 2, 0.526748, 1.898441, 4.93
0.60, 0.20, 0.90, 850, 1000, 0, 1.201826, 0.832067, 4.88
0.60, 0.20, 0.90, 850, 1000, 1, 0.777814, 1.285654, 4.88
0.60, 0.20, 0.90, 850, 1000, 2, 0.823702, 1.214031, 4.88
0.60, 0.20, 0.90, 1300, 100, 0, 0.334978, 2.985271, 4.88
0.60, 0.20, 0.90, 1300, 100, 1, 0.262837, 3.804639, 4.88
0.60, 0.20, 0.90, 1300, 100, 2, 0.277062, 3.609300, 4.88
0.60, 0.20, 0.90, 1300, 550, 0, 1.038785, 0.962663, 4.90
0.60, 0.20, 0.90, 1300, 550, 1, 0.705605, 1.417224, 4.89
0.60, 0.20, 0.90, 1300, 550, 2, 0.709911, 1.408627, 4.90
0.60, 0.20, 0.90, 1300, 1000, 0, 1.755061, 0.569781, 4.88
0.60, 0.20, 0.90, 1300, 1000, 1, 1.112625, 0.898775, 4.88
0.60, 0.20, 0.90, 1300, 1000, 2, 1.172713, 0.852724, 4.88
0.60, 0.35, 0.60, 400, 100, 0, 0.202053, 4.949196, 5.07
0.60, 0.35, 0.60, 400, 100, 1, 0.200171, 4.995729, 5.07
0.60, 0.35, 0.60, 400, 100, 2, 0.208026, 4.807091, 5.07
0.60, 0.35, 0.60, 400, 550, 0, 0.437377, 2.286357, 4.98
0.60, 0.35, 0.60, 400, 550, 1, 0.343743, 2.909150, 4.98
0.60, 0.35, 0.60, 400, 550, 2, 0.343033, 2.915171, 4.98
0.60, 0.35, 0.60, 400, 1000, 0, 0.655105, 1.526473, 4.94
0.60, 0.35, 0.60, 400, 1000, 1, 0.473970, 2.109838, 4.94
0.60, 0.35, 0.60, 400, 1000, 2, 0.491200, 2.035831, 4.94
0.60, 0.35, 0.60, 850, 100, 0, 0.280189, 3.569019, 5.03
0.60, 0.35, 0.60, 850, 100, 1, 0.219113, 4.563855, 5.03
0.60, 0.35, 0.60, 850, 100, 2, 0.246203, 4.061689, 5.03
0.60, 0.35, 0.60, 850, 550, 0, 0.763203, 1.310267, 4.94
0.60, 0.35, 0.60, 850, 550, 1, 0.532951, 1.876345, 4.94
0.60, 0.35, 0.60, 850, 550, 2, 0.544636, 1.836089, 4.94
0.60, 0.35, 0.60, 850, 1000, 0, 1.245927, 0.802615, 4.89
0.60, 0.35, 0.60, 850, 1000, 1, 0.828085, 1.207605, 4.89
0.60, 0.35, 0.60, 850, 1000, 2, 0.845712, 1.182436, 4.89
0.60, 0.35, 0.60, 1300, 100, 0, 0.340964, 2.932861, 5.02
0.60, 0.35, 0.60, 1300, 100, 1, 0.262968, 3.802744, 5.02
0.60, 0.35, 0.60, 1300, 100, 2, 0.280521, 3.564796, 5.02
0.60, 0.35, 0.60, 1300, 550, 0, 1.052839, 0.949813, 4.92
0.60, 0.35, 0.60, 1300, 550, 1, 0.725031, 1.379251, 4.92
0.60, 0.35, 0.60, 1300, 550, 2, 0.732669, 1.364873, 4.92
0.60, 0.35, 0.60, 1300, 1000, 0, 1.797404, 0.556358, 4.88
0.60, 0.35, 0.60, 1300, 1000, 1, 1.149374, 0.870039, 4.88
0.60, 0.35, 0.60, 1300, 1000, 2, 1.177150, 0.849509, 4.88
0.60, 0.35, 0.75, 400, 100, 0, 0.206305, 4.847192, 5.03
0.60, 0.35, 0.75, 400, 100, 1, 0.190013, 5.262798, 5.03
0.60, 0.35, 0.75, 400, 100, 2, 0.186195, 5.370713, 5.03
0.60, 0.35, 0.75, 400, 550, 0, 0.451823, 2.213256, 4.99
0.60, 0.35, 0.75, 400, 550, 1, 0.325118, 3.075806, 4.98
0.60, 0.35, 0.75, 400, 550, 2, 0.343634, 2.910073, 4.99
0.60, 0.35, 0.75, 400, 1000, 0, 0.644631, 1.551275, 4.95
0.60, 0.35, 0.75, 400, 1000, 1, 0.471790, 2.119587, 4.95
0.60, 0.35, 0.75, 400, 1000, 2, 0.483755, 2.067162, 4.95
0.60, 0.35, 0.75, 850, 100, 0, 0.275917, 3.624278, 5.00
0.60, 0.35, 0.75, 850, 100, 1, 0.234247, 4.268998, 5.00
0.60, 0.35, 0.75, 850, 100, 2, 0.237931, 4.202899, 5.00
0.60, 0.35, 0.75, 850, 550, 0, 0.721100, 1.386770, 4.94
0.60, 0.35, 0.75, 850, 550, 1, 0.522096, 1.915357, 4.94
0.60, 0.35, 0.75, 850, 550, 2, 0.526374, 1.899790, 4.94
0.60, 0.35, 0.75, 850, 1000, 0, 1.221510, 0.818659, 4.90
0.60, 0.35, 0.75, 850, 1000, 1, 0.791524, 1.263386, 4.90
0.60, 0.35, 0.75, 850, 1000, 2, 0.834988, 1.197622, 4.90
0.60, 0.35, 0.75, 1300, 100, 0, 0.340121, 2.940130, 4.98
0.60, 0.35, 0.75, 1300, 100, 1, 0.279165, 3.582111, 4.98
0.60, 0.35, 0.75, 1300, 100, 2, 0.254314, 3.932147, 4.98
0.60, 0.35, 0.75, 1300, 550, 0, 1.038555, 0.962876, 4.92
0.60, 0.35, 0.75, 1300, 550, 1, 0.687009, 1.455585, 4.92
0.60, 0.35, 0.75, 1300, 550, 2, 0.726684, 1.376114, 4.92
0.60, 0.35, 0.75, 1300, 1000, 0, 1.783473, 0.560704, 4.89
0.60, 0.35, 0.75, 1300, 1000, 1, 1.134258, 0.881634, 4.89
0.60, 0.35, 0.75, 1300, 1000, 2, 1.202242, 0.831779, 4.89
0.60, 0.35, 0.90, 400, 100, 0, 0.213356, 4.687002, 4.96
0.60, 0.35, 0.90, 400, 100, 1, 0.197186, 5.071354, 4.96
0.60, 0.35, 0.90, 400, 100, 2, 0.185537, 5.389761, 4.96
0.60, 0.35, 0.90, 400, 550, 0, 0.442179, 2.261528, 4.94
0.60, 0.35, 0.90, 400, 550, 1, 0.316798, 3.156586, 4.93
0.60, 0.35, 0.90, 400, 550, 2, 0.338240, 2.956481, 4.94
0.60, 0.35, 0.90, 400, 1000, 0, 0.647973, 1.543274, 4.89
0.60, 0.35, 0.90, 400, 1000, 1, 0.459419, 2.176662, 4.89
0.60, 0.35, 0.90, 400, 1000, 2, 0.458133, 2.182772, 4.89
0.60, 0.35, 0.90, 850, 100, 0, 0.275929, 3.624121, 4.90
0.60, 0.35, 0.90, 850, 100, 1, 0.233780, 4.277526, 4.90
0.60, 0.35, 0.90, 850, 100, 2, 0.237913, 4.203217, 4.90
0.60, 0.35, 0.90, 850, 550, 0, 0.719733, 1.389404, 4.90
0.60, 0.35, 0.90, 850, 550, 1, 0.511378, 1.955501, 4.90
0.60, 0.35, 0.90, 850, 550, 2, 0.506982, 1.972457, 4.90
0.60, 0.35, 0.90, 850, 1000, 0, 1.208994, 0.827134, 4.86
0.60, 0.35, 0.90, 850, 1000, 1, 0.775812, 1.288972, 4.86
0.60, 0.35, 0.90, 850, 1000, 2, 0.803503, 1.244550, 4.86
0.60, 0.35, 0.90, 1300, 100, 0, 0.337366, 2.964140, 4.88
0.60, 0.35, 0.90, 1300, 100, 1, 0.264463, 3.781247, 4.88
0.60, 0.35, 0.90, 1300, 100, 2, 0.269029, 3.717071, 4.88
0.60, 0.35, 0.90, 1300, 550, 0, 1.001252, 0.998750, 4.87
0.60, 0.35, 0.90, 1300, 550, 1, 0.668531, 1.495817, 4.86
0.60, 0.35, 0.90, 1300, 550, 2, 0.686065, 1.457588, 4.87
0.60, 0.35, 0.90, 1300, 1000, 0, 1.717160, 0.582357, 4.84
0.60, 0.35, 0.90, 1300, 1000, 1, 1.072354, 0.932528, 4.84
0.60, 0.35, 0.90, 1300, 1000, 2, 1.095374, 0.912930, 4.84
0.60, 0.50, 0.60, 400, 100, 0, 0.217991, 4.587345, 5.06
0.60, 0.50, 0.60, 400, 100, 1, 0.196924, 5.078101, 5.06
0.60, 0.50, 0.60, 400, 100, 2, 0.188205, 5.313355, 5.06
0.60, 0.50, 0.60, 400, 550, 0, 0.429472, 2.328441, 4.99
0.60, 0.50, 0.60, 400, 550, 1, 0.341990, 2.924062, 4.99
0.60, 0.50, 0.60, 400, 550, 2, 0.340195, 2.939491, 4.99
0.60, 0.50, 0.60, 400, 1000, 0, 0.651307, 1.535374, 4.95
0.60, 0.50, 0.60, 400, 1000, 1, 0.458815, 2.179528, 4.95
0.60, 0.50, 0.60, 400, 1000, 2, 0.472104, 2.118177, 4.95
0.60, 0.50, 0.60, 850, 100, 0, 0.273605, 3.654904, 5.03
0.60, 0.50, 0.60, 850, 100, 1, 0.222573, 4.492908, 5.03
0.60, 0.50, 0.60, 850, 100, 2, 0.231633, 4.317174, 5.03
0.60, 0.50, 0.60, 850, 550, 0, 0.739660, 1.351973, 4.95
0.60, 0.50, 0.60, 850, 550, 1, 0.501629, 1.993505, 4.94
0.60, 0.50, 0.60, 850, 550, 2, 0.519642, 1.924402, 4.95
0.60, 0.50, 0.60, 850, 1000, 0, 1.212059, 0.825042, 4.90
0.60, 0.50, 0.60, 850, 1000, 1, 0.785156, 1.273632, 4.91
0.60, 0.50, 0.60, 850, 1000, 2, 0.793236, 1.260659, 4.90
0.60, 0.50, 0.60, 1300, 100, 0, 0.336451, 2.972201, 5.01
0.60, 0.50, 0.60, 1300, 100, 1, 0.270521, 3.696571, 5.01
0.60, 0.50, 0.60, 1300, 100, 2, 0.267391, 3.739842, 5.01
0.60, 0.50, 0.60, 1300, 550, 0, 1.038414, 0.963007, 4.93
0.60, 0.50, 0.60, 1300, 550, 1, 0.692752, 1.443518, 4.92
0.60, 0.50, 0.60, 1300, 550, 2, 0.716442, 1.395786, 4.93
0.60, 0.50, 0.60, 1300, 1000, 0, 1.755894, 0.569510, 4.89
0.60, 0.50, 0.60, 1300, 1000, 1, 1.138932, 0.878016, 4.89
0.60, 0.50, 0.60, 1300, 1000, 2, 1.132966, 0.882639, 4.89
0.60, 0.50, 0.75, 400, 100, 0, 0.218336, 4.580097, 4.99
0.60, 0.50, 0.75, 400, 100, 1, 0.177345, 5.638727, 4.99
0.60, 0.50, 0.75, 400, 100, 2, 0.177731, 5.626480, 4.99
0.60, 0.50, 0.75, 400, 550, 0, 0.429686, 2.327281, 4.99
0.60, 0.50, 0.75, 400, 550, 1, 0.347002, 2.881828, 4.98
0.60, 0.50, 0.75, 400, 550, 2, 0.336905, 2.968196, 4.99
0.60, 0.50, 0.75, 400, 1000, 0, 0.644825, 1.550808, 4.95
0.60, 0.50, 0.75, 400, 1000, 1, 0.444335, 2.250554, 4.95
0.60, 0.50, 0.75, 400, 1000, 2, 0.440232, 2.271530, 4.95
0.60, 0.50, 0.75, 850, 100, 0, 0.273559, 3.655519, 4.98
0.60, 0.50, 0.75, 850, 100, 1, 0.235328, 4.249388, 4.98
0.60, 0.50, 0.75, 850, 100, 2, 0.219107, 4.563980, 4.98
0.60, 0.50, 0.75, 850, 550, 0, 0.710222, 1.408010, 4.93
0.60, 0.50, 0.75, 850, 550, 1, 0.501732, 1.993096, 4.93
0.60, 0.50, 0.75, 850, 550, 2, 0.498306, 2.006799, 4.93
0.60, 0.50, 0.75, 850, 1000, 0, 1.195741, 0.836302, 4.90
0.60, 0.50, 0.75, 850, 1000, 1, 0.763723, 1.309375, 4.90
0.60, 0.50, 0.75, 850, 1000, 2, 0.786130, 1.272054, 4.90
0.60, 0.50, 0.75, 1300, 100, 0, 0.331391, 3.017583, 4.96
0.60, 0.50, 0.75, 1300, 100, 1, 0.243976, 4.098764, 4.96
0.60, 0.50, 0.75, 1300, 100, 2, 0.270490, 3.696994, 4.96
0.60, 0.50, 0.75, 1300, 550, 0, 1.029581, 0.971269, 4.91
0.60, 0.50, 0.75, 1300, 550, 1, 0.679532, 1.471601, 4.91
0.60, 0.50, 0.75, 1300, 550, 2, 0.699225, 1.430155, 4.91
0.60, 0.50, 0.75, 1300, 1000, 0, 1.726354, 0.579255, 4.88
0.60, 0.50, 0.75, 1300, 1000, 1, 1.097789, 0.910922, 4.88
0.60, 0.50, 0.75, 1300, 1000, 2, 1.119511, 0.893247, 4.88
0.60, 0.50, 0.90, 400, 100, 0, 0.197862, 5.054028, 4.88
0.60, 0.50, 0.90, 400, 100, 1, 0.170246, 5.873853, 4.88
0.60, 0.50, 0.90, 400, 100, 2, 0.197970, 5.051270, 4.88
0.60, 0.50, 0.90, 400, 550, 0, 0.431827, 2.315742, 4.90
0.60, 0.50, 0.90, 400, 550, 1, 0.314450, 3.180156, 4.89
0.60, 0.50, 0.90, 400, 550, 2, 0.328129, 3.047582, 4.90
0.60, 0.50, 0.90, 400, 1000, 0, 0.606441, 1.648965, 4.86
0.60, 0.50, 0.90, 400, 1000, 1, 0.434692, 2.300479, 4.86
0.60, 0.50, 0.90, 400, 1000, 2, 0.452642, 2.209251, 4.86
0.60, 0.50, 0.90, 850, 100, 0, 0.267868, 3.733182, 4.84
0.60, 0.50, 0.90, 850, 100, 1, 0.216805, 4.612440, 4.84
0.60, 0.50, 0.90, 850, 100, 2, 0.228684, 4.372846, 4.84
0.60, 0.50, 0.90, 850, 550, 0, 0.712690, 1.403135, 4.87
0.60, 0.50, 0.90, 850, 550, 1, 0.465350, 2.148920, 4.86
0.60, 0.50, 0.90, 850, 550, 2, 0.490477, 2.038832, 4.87
0.60, 0.50, 0.90, 850, 1000, 0, 1.156918, 0.864365, 4.83
0.60, 0.50, 0.90, 850, 1000, 1, 0.749771, 1.333741, 4.83
0.60, 0.50, 0.90, 850, 1000, 2, 0.761290, 1.313560, 4.83
0.60, 0.50, 0.90, 1300, 100, 0, 0.329061, 3.038950, 4.83
0.60, 0.50, 0.90, 1300, 100, 1, 0.263149, 3.800128, 4.83
0.60, 0.50, 0.90, 1300, 100, 2, 0.264489, 3.780876, 4.83
0.60, 0.50, 0.90, 1300, 550, 0, 1.006726, 0.993319, 4.84
0.60, 0.50, 0.90, 1300, 550, 1, 0.644058, 1.552655, 4.84
0.60, 0.50, 0.90, 1300, 550, 2, 0.671186, 1.489900, 4.84
0.60, 0.50, 0.90, 1300, 1000, 0, 1.694818, 0.590034, 4.81
0.60, 0.50, 0.90, 1300, 1000, 1, 1.053332, 0.949368, 4.81
0.60, 0.50, 0.90, 1300, 1000, 2, 1.108156, 0.902400, 4.81
1.50, 0.20, 0.60, 400, 100, 0, 0.217766, 4.592085, 4.96
1.50, 0.20, 0.60, 400, 100, 1, 0.202994, 4.926254, 4.96
1.50, 0.20, 0.60, 400, 100, 2, 0.200255, 4.993633, 4.96
1.50, 0.20, 0.60, 400, 550, 0, 0.521569, 1.917292, 4.91
1.50, 0.20, 0.60, 400, 550, 1, 0.346380, 2.887003, 4.91
1.50, 0.20, 0.60, 400, 550, 2, 0.354592, 2.820143, 4.91
1.50, 0.20, 0.60, 400, 1000, 0, 0.802448, 1.246187, 4.87
1.50, 0.20, 0.60, 400, 1000, 1, 0.490788, 2.037540, 4.87
1.50, 0.20, 0.60, 400, 1000, 2, 0.497792, 2.008871, 4.87
1.50, 0.20, 0.60, 850, 100, 0, 0.307324, 3.253895, 4.97
1.50, 0.20, 0.60, 850, 100, 1, 0.241425, 4.142073, 4.98
1.50, 0.20, 0.60, 850, 100, 2, 0.245614, 4.071429, 4.97
1.50, 0.20, 0.60, 850, 550, 0, 0.916493, 1.091116, 4.87
1.50, 0.20, 0.60, 850, 550, 1, 0.543428, 1.840170, 4.87
1.50, 0.20, 0.60, 850, 550, 2, 0.541158, 1.847889, 4.87
1.50, 0.20, 0.60, 850, 1000, 0, 1.527780, 0.654545, 4.85
1.50, 0.20, 0.60, 850, 1000, 1, 0.858367, 1.165003, 4.85
1.50, 0.20, 0.60, 850, 1000, 2, 0.886443, 1.128104, 4.85
1.50, 0.20, 0.60, 1300, 100, 0, 0.389123, 2.569882, 4.96
1.50, 0.20, 0.60, 1300, 100, 1, 0.282932, 3.534418, 4.96
1.50, 0.20, 0.60, 1300, 100, 2, 0.283554, 3.526665, 4.96
1.50, 0.20, 0.60, 1300, 550, 0, 1.328503, 0.752727, 4.87
1.50, 0.20, 0.60, 1300, 550, 1, 0.756446, 1.321971, 4.86
1.50, 0.20, 0.60, 1300, 550, 2, 0.752936, 1.328134, 4.87
1.50, 0.20, 0.60, 1300, 1000, 0, 2.268432, 0.440833, 4.84
1.50, 0.20, 0.60, 1300, 1000, 1, 1.198421, 0.834431, 4.84
1.50, 0.20, 0.60, 1300, 1000, 2, 1.273839, 0.785029, 4.84
1.50, 0.20, 0.75, 400, 100, 0, 0.209662, 4.769582, 4.95
1.50, 0.20, 0.75, 400, 100, 1, 0.202895, 4.928658, 4.95
1.50, 0.20, 0.75, 400, 100, 2, 0.178346, 5.607078, 4.95
1.50, 0.20, 0.75, 400, 550, 0, 0.492680, 2.029715, 4.90
1.50, 0.20, 0.75, 400, 550, 1, 0.349599, 2.860420, 4.90
1.50, 0.20, 0.75, 400, 550, 2, 0.330639, 3.024447, 4.90
1.50, 0.20, 0.75, 400, 1000, 0, 0.775669, 1.289210, 4.88
1.50, 0.20, 0.75, 400, 1000, 1, 0.483431, 2.068548, 4.88
1.50, 0.20, 0.75, 400, 1000, 2, 0.499103, 2.003594, 4.88
1.50, 0.20, 0.75, 850, 100, 0, 0.306708, 3.260430, 4.93
1.50, 0.20, 0.75, 850, 100, 1, 0.238765, 4.188219, 4.94
1.50, 0.20, 0.75, 850, 100, 2, 0.237471, 4.211041, 4.93
1.50, 0.20, 0.75, 850, 550, 0, 0.900263, 1.110787, 4.88
1.50, 0.20, 0.75, 850, 550, 1, 0.540536, 1.850016, 4.87
1.50, 0.20, 0.75, 850, 550, 2, 0.553155, 1.807812, 4.88
1.50, 0.20, 0.75, 850, 1000, 0, 1.524371, 0.656008, 4.86
1.50, 0.20, 0.75, 850, 1000, 1, 0.844321, 1.184384, 4.86
1.50, 0.20, 0.75, 850, 1000, 2, 0.870044, 1.149367, 4.86
1.50, 0.20, 0.75, 1300, 100, 0, 0.369646, 2.705291, 4.92
1.50, 0.20, 0.75, 1300, 100, 1, 0.256379, 3.900475, 4.92
1.50, 0.20, 0.75, 1300, 100, 2, 0.265223, 3.770412, 4.92
1.50, 0.20, 0.75, 1300, 550, 0, 1.315052, 0.760426, 4.87
1.50, 0.20, 0.75, 1300, 550, 1, 0.739307, 1.352618, 4.86
1.50, 0.20, 0.75, 1300, 550, 2, 0.762872, 1.310836, 4.87
1.50, 0.20, 0.75, 1300, 1000, 0, 2.257960, 0.442878, 4.84
1.50, 0.20, 0.75, 1300, 1000, 1, 1.195766, 0.836284, 4.84
1.50, 0.20, 0.75, 1300, 1000, 2, 1.259102, 0.794217, 4.84
1.50, 0.20, 0.90, 400, 100, 0, 0.236004, 4.237216, 4.90
1.50, 0.20, 0.90, 400, 100, 1, 0.200715, 4.982189, 4.90
1.50, 0.20, 0.90, 400, 100, 2, 0.195610, 5.112213, 4.90
1.50, 0.20, 0.90, 400, 550, 0, 0.512722, 1.950375, 4.86
1.50, 0.20, 0.90, 400, 550, 1, 0.344804, 2.900198, 4.85
1.50, 0.20, 0.90, 400, 550, 2, 0.347655, 2.876415, 4.86
1.50, 0.20, 0.90, 400, 1000, 0, 0.793631, 1.260031, 4.83
1.50, 0.20, 0.90, 400, 1000, 1, 0.460032, 2.173762, 4.83
1.50, 0.20, 0.90, 400, 1000, 2, 0.487126, 2.052857, 4.83
1.50, 0.20, 0.90, 850, 100, 0, 0.279751, 3.574607, 4.85
1.50, 0.20, 0.90, 850, 100, 1, 0.238890, 4.186027, 4.86
1.50, 0.20, 0.90, 850, 100, 2, 0.230742, 4.333845, 4.85
1.50, 0.20, 0.90, 850, 550, 0, 0.897355, 1.114386, 4.85
1.50, 0.20, 0.90, 850, 550, 1, 0.540487, 1.850183, 4.84
1.50, 0.20, 0.90, 850, 550, 2, 0.554722, 1.802705, 4.85
1.50, 0.20, 0.90, 850, 1000, 0, 1.506879, 0.663623, 4.82
1.50, 0.20, 0.90, 850, 1000, 1, 0.806833, 1.239414, 4.82
1.50, 0.20, 0.90, 850, 1000, 2, 0.835542, 1.196828, 4.82
1.50, 0.20, 0.90, 1300, 100, 0, 0.382813, 2.612241, 4.84
1.50, 0.20, 0.90, 1300, 100, 1, 0.280766, 3.561685, 4.84
1.50, 0.20, 0.90, 1300, 100, 2, 0.283273, 3.530163, 4.84
1.50, 0.20, 0.90, 1300, 550, 0, 1.302657, 0.767662, 4.84
1.50, 0.20, 0.90, 1300, 550, 1, 0.727336, 1.374880, 4.83
1.50, 0.20, 0.90, 1300, 550, 2, 0.757275, 1.320524, 4.84
1.50, 0.20, 0.90, 1300, 1000, 0, 2.254428, 0.443571, 4.81
1.50, 0.20, 0.90, 1300, 1000, 1, 1.176496, 0.849982, 4.81
1.50, 0.20, 0.90, 1300, 1000, 2, 1.226366, 0.815417, 4.81
1.50, 0.35, 0.60, 400, 100, 0, 0.221952, 4.505479, 4.97
1.50, 0.35, 0.60, 400, 100, 1, 0.199318, 5.017108, 4.97
1.50, 0.35, 0.60, 400, 100, 2, 0.203084, 4.924071, 4.97
1.50, 0.35, 0.60, 400, 550, 0, 0.523773, 1.909224, 4.91
1.50, 0.35, 0.60, 400, 550, 1, 0.341810, 2.925602, 4.91
1.50, 0.35, 0.60, 400, 550, 2, 0.348495, 2.869482, 4.91
1.50, 0.35, 0.60, 400, 1000, 0, 0.805391, 1.241633, 4.87
1.50, 0.35, 0.60, 400, 1000, 1, 0.490455, 2.038923, 4.87
1.50, 0.35, 0.60, 400, 1000, 2, 0.578126, 1.729727, 4.87
1.50, 0.35, 0.60, 850, 100, 0, 0.309260, 3.233525, 4.98
1.50, 0.35, 0.60, 850, 100, 1, 0.245606, 4.071562, 4.98
1.50, 0.35, 0.60, 850, 100, 2, 0.242133, 4.129962, 4.98
1.50, 0.35, 0.60, 850, 550, 0, 0.934757, 1.069797, 4.88
1.50, 0.35, 0.60, 850, 550, 1, 0.553756, 1.805850, 4.88
1.50, 0.35, 0.60, 850, 550, 2, 0.575464, 1.737728, 4.88
1.50, 0.35, 0.60, 850, 1000, 0, 1.535187, 0.651386, 4.86
1.50, 0.35, 0.60, 850, 1000, 1, 0.871715, 1.147164, 4.86
1.50, 0.35, 0.60, 850, 1000, 2, 0.887296, 1.127020, 4.86
1.50, 0.35, 0.60, 1300, 100, 0, 0.372281, 2.686143, 4.96
1.50, 0.35, 0.60, 1300, 100, 1, 0.289242, 3.457313, 4.96
1.50, 0.35, 0.60, 1300, 100, 2, 0.289274, 3.456930, 4.96
1.50, 0.35, 0.60, 1300, 550, 0, 1.331412, 0.751082, 4.87
1.50, 0.35, 0.60, 1300, 550, 1, 0.765279, 1.306713, 4.87
1.50, 0.35, 0.60, 1300, 550, 2, 0.796074, 1.256165, 4.87
1.50, 0.35, 0.60, 1300, 1000, 0, 2.312762, 0.432383, 4.85
1.50, 0.35, 0.60, 1300, 1000, 1, 1.220796, 0.819138, 4.85
1.50, 0.35, 0.60, 1300, 1000, 2, 1.313700, 0.761209, 4.85
1.50, 0.35, 0.75, 400, 100, 0, 0.237760, 4.205922, 4.94
1.50, 0.35, 0.75, 400, 100, 1, 0.205743, 4.860433, 4.94
1.50, 0.35, 0.75, 400, 100, 2, 0.201240, 4.969191, 4.94
1.50, 0.35, 0.75, 400, 550, 0, 0.523850, 1.908943, 4.90
1.50, 0.35, 0.75, 400, 550, 1, 0.350099, 2.856335, 4.90
1.50, 0.35, 0.75, 400, 550, 2, 0.342581, 2.919018, 4.90
1.50, 0.35, 0.75, 400, 1000, 0, 0.816545, 1.224672, 4.88
1.50, 0.35, 0.75, 400, 1000, 1, 0.498080, 2.007710, 4.88
1.50, 0.35, 0.75, 400, 1000, 2, 0.513773, 1.946385, 4.88
1.50, 0.35, 0.75, 850, 100, 0, 0.293222, 3.410385, 4.92
1.50, 0.35, 0.75, 850, 100, 1, 0.233730, 4.278441, 4.92
1.50, 0.35, 0.75, 850, 100, 2, 0.242714, 4.120075, 4.92
1.50, 0.35, 0.75, 850, 550, 0, 0.906599, 1.103023, 4.88
1.50, 0.35, 0.75, 850, 550, 1, 0.541311, 1.847367, 4.88
1.50, 0.35, 0.75, 850, 550, 2, 0.566869, 1.764076, 4.88
1.50, 0.35, 0.75, 850, 1000, 0, 1.520381, 0.657730, 4.87
1.50, 0.35, 0.75, 850, 1000, 1, 0.862586, 1.159305, 4.87
1.50, 0.35, 0.75, 850, 1000, 2, 0.894628, 1.117783, 4.87
1.50, 0.35, 0.75, 1300, 100, 0, 0.383605, 2.606848, 4.91
1.50, 0.35, 0.75, 1300, 100, 1, 0.274545, 3.642390, 4.91
1.50, 0.35, 0.75, 1300, 100, 2, 0.269274, 3.713689, 4.91
1.50, 0.35, 0.75, 1300, 550, 0, 1.337676, 0.747565, 4.87
1.50, 0.35, 0.75, 1300, 550, 1, 0.755467, 1.323685, 4.87
1.50, 0.35, 0.75, 1300, 550, 2, 0.783668, 1.276051, 4.87
1.50, 0.35, 0.75, 1300, 1000, 0, 2.273204, 0.439908, 4.85
1.50, 0.35, 0.75, 1300, 1000, 1, 1.214474, 0.823402, 4.85
1.50, 0.35, 0.75, 1300, 1000, 2, 1.290404, 0.774951, 4.85
1.50, 0.35, 0.90, 400, 100, 0, 0.240654, 4.155343, 4.85
1.50, 0.35, 0.90, 400, 100, 1, 0.205539, 4.865257, 4.85
1.50, 0.35, 0.90, 400, 100, 2, 0.195567, 5.113337, 4.85
1.50, 0.35, 0.90, 400, 550, 0, 0.527608, 1.895347, 4.85
1.50, 0.35, 0.90, 400, 550, 1, 0.352956, 2.833214, 4.84
1.50, 0.35, 0.90, 400, 550, 2, 0.347672, 2.876274, 4.85
1.50, 0.35, 0.90, 400, 1000, 0, 0.811940, 1.231618, 4.83
1.50, 0.35, 0.90, 400, 1000, 1, 0.495988, 2.016178, 4.83
1.50, 0.35, 0.90, 400, 1000, 2, 0.504297, 1.982958, 4.83
1.50, 0.35, 0.90, 850, 100, 0, 0.311310, 3.212232, 4.81
1.50, 0.35, 0.90, 850, 100, 1, 0.239522, 4.174982, 4.82
1.50, 0.35, 0.90, 850, 100, 2, 0.230150, 4.344992, 4.81
1.50, 0.35, 0.90, 850, 550, 0, 0.910276, 1.098568, 4.84
1.50, 0.35, 0.90, 850, 550, 1, 0.559271, 1.788042, 4.83
1.50, 0.35, 0.90, 850, 550, 2, 0.565363, 1.768775, 4.84
1.50, 0.35, 0.90, 850, 1000, 0, 1.522216, 0.656937, 4.82
1.50, 0.35, 0.90, 850, 1000, 1, 0.852929, 1.172431, 4.82
1.50, 0.35, 0.90, 850, 1000, 2, 0.889026, 1.124826, 4.82
1.50, 0.35, 0.90, 1300, 100, 0, 0.384055, 2.603794, 4.78
1.50, 0.35, 0.90, 1300, 100, 1, 0.271499, 3.683255, 4.78
1.50, 0.35, 0.90, 1300, 100, 2, 0.288621, 3.464751, 4.78
1.50, 0.35, 0.90, 1300, 550, 0, 1.335103, 0.749006, 4.83
1.50, 0.35, 0.90, 1300, 550, 1, 0.742854, 1.346160, 4.82
1.50, 0.35, 0.90, 1300, 550, 2, 0.775957, 1.288731, 4.83
1.50, 0.35, 0.90, 1300, 1000, 0, 2.266896, 0.441132, 4.81
1.50, 0.35, 0.90, 1300, 1000, 1, 1.212364, 0.824835, 4.81
1.50, 0.35, 0.90, 1300, 1000, 2, 1.242644, 0.804736, 4.81
1.50, 0.50, 0.60, 400, 100, 0, 0.239424, 4.176691, 4.97
1.50, 0.50, 0.60, 400, 100, 1, 0.208501, 4.796140, 4.97
1.50, 0.50, 0.60, 400, 100, 2, 0.210102, 4.759593, 4.97
1.50, 0.50, 0.60, 400, 550, 0, 0.526303, 1.900046, 4.92
1.50, 0.50, 0.60, 400, 550, 1, 0.356627, 2.804050, 4.91
1.50, 0.50, 0.60, 400, 550, 2, 0.353348, 2.830071, 4.92
1.50, 0.50, 0.60, 400, 1000, 0, 0.788344, 1.268482, 4.88
1.50, 0.50, 0.60, 400, 1000, 1, 0.494646, 2.021648, 4.88
1.50, 0.50, 0.60, 400, 1000, 2, 0.516548, 1.935929, 4.88
1.50, 0.50, 0.60, 850, 100, 0, 0.287946, 3.472873, 4.96
1.50, 0.50, 0.60, 850, 100, 1, 0.247738, 4.036522, 4.96
1.50, 0.50, 0.60, 850, 100, 2, 0.245772, 4.068812, 4.96
1.50, 0.50, 0.60, 850, 550, 0, 0.903528, 1.106773, 4.89
1.50, 0.50, 0.60, 850, 550, 1, 0.558020, 1.792050, 4.88
1.50, 0.50, 0.60, 850, 550, 2, 0.550049, 1.818020, 4.89
1.50, 0.50, 0.60, 850, 1000, 0, 1.563731, 0.639496, 4.87
1.50, 0.50, 0.60, 850, 1000, 1, 0.874336, 1.143725, 4.87
1.50, 0.50, 0.60, 850, 1000, 2, 0.903532, 1.106768, 4.87
1.50, 0.50, 0.60, 1300, 100, 0, 0.383579, 2.607025, 4.95
1.50, 0.50, 0.60, 1300, 100, 1, 0.279461, 3.578317, 4.95
1.50, 0.50, 0.60, 1300, 100, 2, 0.294052, 3.400759, 4.95
1.50, 0.50, 0.60, 1300, 550, 0, 1.354798, 0.738117, 4.87
1.50, 0.50, 0.60, 1300, 550, 1, 0.755025, 1.324459, 4.87
1.50, 0.50, 0.60, 1300, 550, 2, 0.789753, 1.266219, 4.87
1.50, 0.50, 0.60, 1300, 1000, 0, 2.304476, 0.433938, 4.86
1.50, 0.50, 0.60, 1300, 1000, 1, 1.234308, 0.810171, 4.86
1.50, 0.50, 0.60, 1300, 1000, 2, 1.298695, 0.770004, 4.86
1.50, 0.50, 0.75, 400, 100, 0, 0.217329, 4.601319, 4.92
1.50, 0.50, 0.75, 400, 100, 1, 0.191039, 5.234533, 4.92
1.50, 0.50, 0.75, 400, 100, 2, 0.193006, 5.181186, 4.92
1.50, 0.50, 0.75, 400, 550, 0, 0.528492, 1.892176, 4.90
1.50, 0.50, 0.75, 400, 550, 1, 0.351072, 2.848419, 4.89
1.50, 0.50, 0.75, 400, 550, 2, 0.356871, 2.802133, 4.90
1.50, 0.50, 0.75, 400, 1000, 0, 0.812839, 1.230256, 4.88
1.50, 0.50, 0.75, 400, 1000, 1, 0.490276, 2.039667, 4.88
1.50, 0.50, 0.75, 400, 1000, 2, 0.513186, 1.948611, 4.88
1.50, 0.50, 0.75, 850, 100, 0, 0.312548, 3.199509, 4.90
1.50, 0.50, 0.75, 850, 100, 1, 0.237096, 4.217701, 4.90
1.50, 0.50, 0.75, 850, 100, 2, 0.247045, 4.047846, 4.90
1.50, 0.50, 0.75, 850, 550, 0, 0.923525, 1.082808, 4.88
1.50, 0.50, 0.75, 850, 550, 1, 0.534598, 1.870564, 4.88
1.50, 0.50, 0.75, 850, 550, 2, 0.570737, 1.752121, 4.88
1.50, 0.50, 0.75, 850, 1000, 0, 1.517629, 0.658923, 4.87
1.50, 0.50, 0.75, 850, 1000, 1, 0.860503, 1.162111, 4.87
1.50, 0.50, 0.75, 850, 1000, 2, 0.893132, 1.119655, 4.87
1.50, 0.50, 0.75, 1300, 100, 0, 0.394403, 2.535478, 4.88
1.50, 0.50, 0.75, 1300, 100, 1, 0.286174, 3.494378, 4.88
1.50, 0.50, 0.75, 1300, 100, 2, 0.277083, 3.609027, 4.88
1.50, 0.50, 0.75, 1300, 550, 0, 1.343065, 0.744566, 4.87
1.50, 0.50, 0.75, 1300, 550, 1, 0.757660, 1.319853, 4.86
1.50, 0.50, 0.75, 1300, 550, 2, 0.775045, 1.290248, 4.87
1.50, 0.50, 0.75, 1300, 1000, 0, 2.271938, 0.440153, 4.85
1.50, 0.50, 0.75, 1300, 1000, 1, 1.223749, 0.817161, 4.85
1.50, 0.50, 0.75, 1300, 1000, 2, 1.303704, 0.767045, 4.85
1.50, 0.50, 0.90, 400, 100, 0, 0.240911, 4.150911, 4.79
1.50, 0.50, 0.90, 400, 100, 1, 0.207028, 4.830265, 4.79
1.50, 0.50, 0.90, 400, 100, 2, 0.204921, 4.879929, 4.79
1.50, 0.50, 0.90, 400, 550, 0, 0.524680, 1.905924, 4.83
1.50, 0.50, 0.90, 400, 550, 1, 0.358177, 2.791916, 4.81
1.50, 0.50, 0.90, 400, 550, 2, 0.364054, 2.746845, 4.83
1.50, 0.50, 0.90, 400, 1000, 0, 0.810321, 1.234079, 4.82
1.50, 0.50, 0.90, 400, 1000, 1, 0.505559, 1.978009, 4.82
1.50, 0.50, 0.90, 400, 1000, 2, 0.488061, 2.048924, 4.82
1.50, 0.50, 0.90, 850, 100, 0, 0.308741, 3.238961, 4.78
1.50, 0.50, 0.90, 850, 100, 1, 0.235673, 4.243167, 4.79
1.50, 0.50, 0.90, 850, 100, 2, 0.247732, 4.036620, 4.78
1.50, 0.50, 0.90, 850, 550, 0, 0.921040, 1.085729, 4.82
1.50, 0.50, 0.90, 850, 550, 1, 0.550573, 1.816290, 4.81
1.50, 0.50, 0.90, 850, 550, 2, 0.563902, 1.773358, 4.82
1.50, 0.50, 0.90, 850, 1000, 0, 1.537785, 0.650286, 4.81
1.50, 0.50, 0.90, 850, 1000, 1, 0.822021, 1.216514, 4.81
1.50, 0.50, 0.90, 850, 1000, 2, 0.862447, 1.159492, 4.81
1.50, 0.50, 0.90, 1300, 100, 0, 0.391091, 2.556950, 4.77
1.50, 0.50, 0.90, 1300, 100, 1, 0.284478, 3.515210, 4.77
1.50, 0.50, 0.90, 1300, 100, 2, 0.291236, 3.433641, 4.77
1.50, 0.50, 0.90, 1300, 550, 0, 1.330581, 0.751551, 4.82
1.50, 0.50, 0.90, 1300, 550, 1, 0.739912, 1.351512, 4.81
1.50, 0.50, 0.90, 1300, 550, 2, 0.776335, 1.288104, 4.82
1.50, 0.50, 0.90, 1300, 1000, 0, 2.279264, 0.438738, 4.80
1.50, 0.50, 0.90, 1300, 1000, 1, 1.195684, 0.836341, 4.80
1.50, 0.50, 0.90, 1300, 1000, 2, 1.267125, 0.789188, 4.80
2.40, 0.20, 0.60, 400, 100, 0, 0.265689, 3.763799, 4.90
2.40, 0.20, 0.60, 400, 100, 1, 0.213063, 4.693447, 4.90
2.40, 0.20, 0.60, 400, 100, 2, 0.214643, 4.658899, 4.90
2.40, 0.20, 0.60, 400, 550, 0, 0.660493, 1.514021, 4.86
2.40, 0.20, 0.60, 400, 550, 1, 0.388277, 2.575481, 4.86
2.40, 0.20, 0.60, 400, 550, 2, 0.396590, 2.521496, 4.86
2.40, 0.20, 0.60, 400, 1000, 0, 1.045223, 0.956734, 4.85
2.40, 0.20, 0.60, 400, 1000, 1, 0.619199, 1.614990, 4.85
2.40, 0.20, 0.60, 400, 1000, 2, 0.665235, 1.503228, 4.85
2.40, 0.20, 0.60, 850, 100, 0, 0.378212, 2.644020, 4.87
2.40, 0.20, 0.60, 850, 100, 1, 0.255850, 3.908540, 4.87
2.40, 0.20, 0.60, 850, 100, 2, 0.250003, 3.999952, 4.87
2.40, 0.20, 0.60, 850, 550, 0, 1.214951, 0.823078, 4.85
2.40, 0.20, 0.60, 850, 550, 1, 0.608409, 1.643631, 4.84
2.40, 0.20, 0.60, 850, 550, 2, 0.650481, 1.537324, 4.85
2.40, 0.20, 0.60, 850, 1000, 0, 2.091680, 0.478085, 4.82
2.40, 0.20, 0.60, 850, 1000, 1, 0.994386, 1.005646, 4.82
2.40, 0.20, 0.60, 850, 1000, 2, 1.051872, 0.950686, 4.82
2.40, 0.20, 0.60, 1300, 100, 0, 0.475222, 2.104280, 4.86
2.40, 0.20, 0.60, 1300, 100, 1, 0.306512, 3.262515, 4.86
2.40, 0.20, 0.60, 1300, 100, 2, 0.319471, 3.130175, 4.86
2.40, 0.20, 0.60, 1300, 550, 0, 1.791789, 0.558101, 4.84
2.40, 0.20, 0.60, 1300, 550, 1, 0.873994, 1.144173, 4.84
2.40, 0.20, 0.60, 1300, 550, 2, 0.909723, 1.099236, 4.84
2.40, 0.20, 0.60, 1300, 1000, 0, 3.093608, 0.323247, 4.82
2.40, 0.20, 0.60, 1300, 1000, 1, 1.428951, 0.699814, 4.82
2.40, 0.20, 0.60, 1300, 1000, 2, 1.510776, 0.661911, 4.82
2.40, 0.20, 0.75, 400, 100, 0, 0.260688, 3.836003, 4.85
2.40, 0.20, 0.75, 400, 100, 1, 0.191800, 5.213764, 4.85
2.40, 0.20, 0.75, 400, 100, 2, 0.215845, 4.632954, 4.85
2.40, 0.20, 0.75, 400, 550, 0, 0.662166, 1.510195, 4.85
2.40, 0.20, 0.75, 400, 550, 1, 0.384873, 2.598260, 4.84
2.40, 0.20, 0.75, 400, 550, 2, 0.388958, 2.570972, 4.85
2.40, 0.20, 0.75, 400, 1000, 0, 1.038524, 0.962905, 4.83
2.40, 0.20, 0.75, 400, 1000, 1, 0.564360, 1.771919, 4.83
2.40, 0.20, 0.75, 400, 1000, 2, 0.585743, 1.707233, 4.83
2.40, 0.20, 0.75, 850, 100, 0, 0.361326, 2.767584, 4.84
2.40, 0.20, 0.75, 850, 100, 1, 0.237647, 4.207922, 4.85
2.40, 0.20, 0.75, 850, 100, 2, 0.237822, 4.204825, 4.84
2.40, 0.20, 0.75, 850, 550, 0, 1.225224, 0.816177, 4.84
2.40, 0.20, 0.75, 850, 550, 1, 0.625891, 1.597722, 4.83
2.40, 0.20, 0.75, 850, 550, 2, 0.653131, 1.531086, 4.84
2.40, 0.20, 0.75, 850, 1000, 0, 2.075416, 0.481831, 4.82
2.40, 0.20, 0.75, 850, 1000, 1, 1.010675, 0.989438, 4.82
2.40, 0.20, 0.75, 850, 1000, 2, 1.045499, 0.956481, 4.82
2.40, 0.20, 0.75, 1300, 100, 0, 0.463986, 2.155237, 4.82
2.40, 0.20, 0.75, 1300, 100, 1, 0.305920, 3.268828, 4.82
2.40, 0.20, 0.75, 1300, 100, 2, 0.290626, 3.440848, 4.82
2.40, 0.20, 0.75, 1300, 550, 0, 1.787372, 0.559481, 4.83
2.40, 0.20, 0.75, 1300, 550, 1, 0.839995, 1.190483, 4.82
2.40, 0.20, 0.75, 1300, 550, 2, 0.894046, 1.118511, 4.83
2.40, 0.20, 0.75, 1300, 1000, 0, 3.104472, 0.322116, 4.82
2.40, 0.20, 0.75, 1300, 1000, 1, 1.386980, 0.720991, 4.82
2.40, 0.20, 0.75, 1300, 1000, 2, 1.501332, 0.666075, 4.82
2.40, 0.20, 0.90, 400, 100, 0, 0.259434, 3.854545, 4.80
2.40, 0.20, 0.90, 400, 100, 1, 0.191054, 5.234122, 4.80
2.40, 0.20, 0.90, 400, 100, 2, 0.210681, 4.746512, 4.80
2.40, 0.20, 0.90, 400, 550, 0, 0.657550, 1.520797, 4.80
2.40, 0.20, 0.90, 400, 550, 1, 0.390402, 2.561462, 4.78
2.40, 0.20, 0.90, 400, 550, 2, 0.398202, 2.511288, 4.80
2.40, 0.20, 0.90, 400, 1000, 0, 1.038349, 0.963067, 4.80
2.40, 0.20, 0.90, 400, 1000, 1, 0.543378, 1.840340, 4.80
2.40, 0.20, 0.90, 400, 1000, 2, 0.562281, 1.778470, 4.80
2.40, 0.20, 0.90, 850, 100, 0, 0.350940, 2.849490, 4.77
2.40, 0.20, 0.90, 850, 100, 1, 0.257732, 3.879999, 4.78
2.40, 0.20, 0.90, 850, 100, 2, 0.264183, 3.785255, 4.77
2.40, 0.20, 0.90, 850, 550, 0, 1.215230, 0.822889, 4.80
2.40, 0.20, 0.90, 850, 550, 1, 0.679454, 1.471770, 4.78
2.40, 0.20, 0.90, 850, 550, 2, 0.733619, 1.363105, 4.80
2.40, 0.20, 0.90, 850, 1000, 0, 2.093623, 0.477641, 4.80
2.40, 0.20, 0.90, 850, 1000, 1, 1.055980, 0.946988, 4.80
2.40, 0.20, 0.90, 850, 1000, 2, 1.112144, 0.899164, 4.80
2.40, 0.20, 0.90, 1300, 100, 0, 0.476639, 2.098024, 4.78
2.40, 0.20, 0.90, 1300, 100, 1, 0.336874, 2.968469, 4.78
2.40, 0.20, 0.90, 1300, 100, 2, 0.385676, 2.592850, 4.78
2.40, 0.20, 0.90, 1300, 550, 0, 1.792296, 0.557944, 4.79
2.40, 0.20, 0.90, 1300, 550, 1, 0.949086, 1.053645, 4.79
2.40, 0.20, 0.90, 1300, 550, 2, 0.993442, 1.006601, 4.79
2.40, 0.20, 0.90, 1300, 1000, 0, 3.095626, 0.323036, 4.79
2.40, 0.20, 0.90, 1300, 1000, 1, 1.471331, 0.679657, 4.79
2.40, 0.20, 0.90, 1300, 1000, 2, 1.473735, 0.678548, 4.79
2.40, 0.35, 0.60, 400, 100, 0, 0.259096, 3.859573, 4.89
2.40, 0.35, 0.60, 400, 100, 1, 0.232941, 4.292933, 4.89
2.40, 0.35, 0.60, 400, 100, 2, 0.230579, 4.336908, 4.89
2.40, 0.35, 0.60, 400, 550, 0, 0.668034, 1.496930, 4.86
2.40, 0.35, 0.60, 400, 550, 1, 0.451753, 2.213599, 4.86
2.40, 0.35, 0.60, 400, 550, 2, 0.491968, 2.032653, 4.86
2.40, 0.35, 0.60, 400, 1000, 0, 1.058881, 0.944393, 4.85
2.40, 0.35, 0.60, 400, 1000, 1, 0.611880, 1.634307, 4.85
2.40, 0.35, 0.60, 400, 1000, 2, 0.662011, 1.510549, 4.85
2.40, 0.35, 0.60, 850, 100, 0, 0.377993, 2.645552, 4.86
2.40, 0.35, 0.60, 850, 100, 1, 0.280724, 3.562218, 4.86
2.40, 0.35, 0.60, 850, 100, 2, 0.307302, 3.254128, 4.86
2.40, 0.35, 0.60, 850, 550, 0, 1.235621, 0.809310, 4.85
2.40, 0.35, 0.60, 850, 550, 1, 0.707258, 1.413911, 4.84
2.40, 0.35, 0.60, 850, 550, 2, 0.712066, 1.404364, 4.85
2.40, 0.35, 0.60, 850, 1000, 0, 2.091489, 0.478128, 4.83
2.40, 0.35, 0.60, 850, 1000, 1, 1.044983, 0.956953, 4.83
2.40, 0.35, 0.60, 850, 1000, 2, 1.128306, 0.886284, 4.83
2.40, 0.35, 0.60, 1300, 100, 0, 0.477579, 2.093894, 4.85
2.40, 0.35, 0.60, 1300, 100, 1, 0.353961, 2.825170, 4.85
2.40, 0.35, 0.60, 1300, 100, 2, 0.385024, 2.597241, 4.85
2.40, 0.35, 0.60, 1300, 550, 0, 1.803466, 0.554488, 4.84
2.40, 0.35, 0.60, 1300, 550, 1, 0.951381, 1.051104, 4.84
2.40, 0.35, 0.60, 1300, 550, 2, 0.990196, 1.009901, 4.84
2.40, 0.35, 0.60, 1300, 1000, 0, 3.128820, 0.319609, 4.82
2.40, 0.35, 0.60, 1300, 1000, 1, 1.412298, 0.708066, 4.82
2.40, 0.35, 0.60, 1300, 1000, 2, 1.543160, 0.648021, 4.82
2.40, 0.35, 0.75, 400, 100, 0, 0.254798, 3.924678, 4.85
2.40, 0.35, 0.75, 400, 100, 1, 0.222068, 4.503125, 4.85
2.40, 0.35, 0.75, 400, 100, 2, 0.244537, 4.089361, 4.85
2.40, 0.35, 0.75, 400, 550, 0, 0.644332, 1.551995, 4.84
2.40, 0.35, 0.75, 400, 550, 1, 0.415036, 2.409430, 4.84
2.40, 0.35, 0.75, 400, 550, 2, 0.418773, 2.387929, 4.84
2.40, 0.35, 0.75, 400, 1000, 0, 1.058483, 0.944748, 4.83
2.40, 0.35, 0.75, 400, 1000, 1, 0.583744, 1.713080, 4.83
2.40, 0.35, 0.75, 400, 1000, 2, 0.616284, 1.622629, 4.83
2.40, 0.35, 0.75, 850, 100, 0, 0.359088, 2.784833, 4.83
2.40, 0.35, 0.75, 850, 100, 1, 0.263693, 3.792289, 4.84
2.40, 0.35, 0.75, 850, 100, 2, 0.306032, 3.267632, 4.83
2.40, 0.35, 0.75, 850, 550, 0, 1.213540, 0.824035, 4.83
2.40, 0.35, 0.75, 850, 550, 1, 0.656221, 1.523877, 4.83
2.40, 0.35, 0.75, 850, 550, 2, 0.681420, 1.467524, 4.83
2.40, 0.35, 0.75, 850, 1000, 0, 2.071343, 0.482779, 4.83
2.40, 0.35, 0.75, 850, 1000, 1, 1.002833, 0.997175, 4.83
2.40, 0.35, 0.75, 850, 1000, 2, 1.046590, 0.955484, 4.83
2.40, 0.35, 0.75, 1300, 100, 0, 0.459018, 2.178564, 4.82
2.40, 0.35, 0.75, 1300, 100, 1, 0.304241, 3.286868, 4.82
2.40, 0.35, 0.75, 1300, 100, 2, 0.300294, 3.330070, 4.82
2.40, 0.35, 0.75, 1300, 550, 0, 1.774904, 0.563411, 4.83
2.40, 0.35, 0.75, 1300, 550, 1, 0.856154, 1.168014, 4.82
2.40, 0.35, 0.75, 1300, 550, 2, 0.904349, 1.105768, 4.83
2.40, 0.35, 0.75, 1300, 1000, 0, 3.101026, 0.322474, 4.82
2.40, 0.35, 0.75, 1300, 1000, 1, 1.417587, 0.705424, 4.82
2.40, 0.35, 0.75, 1300, 1000, 2, 1.523688, 0.656302, 4.82
2.40, 0.35, 0.90, 400, 100, 0, 0.265536, 3.765968, 4.77
2.40, 0.35, 0.90, 400, 100, 1, 0.229530, 4.356729, 4.77
2.40, 0.35, 0.90, 400, 100, 2, 0.230924, 4.330429, 4.77
2.40, 0.35, 0.90, 400, 550, 0, 0.705652, 1.417129, 4.79
2.40, 0.35, 0.90, 400, 550, 1, 0.410426, 2.436493, 4.78
2.40, 0.35, 0.90, 400, 550, 2, 0.440533, 2.269978, 4.79
2.40, 0.35, 0.90, 400, 1000, 0, 1.044087, 0.957775, 4.79
2.40, 0.35, 0.90, 400, 1000, 1, 0.585207, 1.708797, 4.79
2.40, 0.35, 0.90, 400, 1000, 2, 0.628314, 1.591561, 4.79
2.40, 0.35, 0.90, 850, 100, 0, 0.361955, 2.762774, 4.76
2.40, 0.35, 0.90, 850, 100, 1, 0.278130, 3.595441, 4.76
2.40, 0.35, 0.90, 850, 100, 2, 0.294475, 3.395874, 4.76
2.40, 0.35, 0.90, 850, 550, 0, 1.226599, 0.815262, 4.79
2.40, 0.35, 0.90, 850, 550, 1, 0.649389, 1.539909, 4.78
2.40, 0.35, 0.90, 850, 550, 2, 0.685200, 1.459428, 4.79
2.40, 0.35, 0.90, 850, 1000, 0, 2.075776, 0.481748, 4.80
2.40, 0.35, 0.90, 850, 1000, 1, 1.006342, 0.993698, 4.79
2.40, 0.35, 0.90, 850, 1000, 2, 1.064224, 0.939652, 4.80
2.40, 0.35, 0.90, 1300, 100, 0, 0.470917, 2.123516, 4.76
2.40, 0.35, 0.90, 1300, 100, 1, 0.300140, 3.331779, 4.76
2.40, 0.35, 0.90, 1300, 100, 2, 0.288821, 3.462352, 4.76
2.40, 0.35, 0.90, 1300, 550, 0, 1.788300, 0.559190, 4.79
2.40, 0.35, 0.90, 1300, 550, 1, 0.903084, 1.107317, 4.78
2.40, 0.35, 0.90, 1300, 550, 2, 0.889206, 1.124599, 4.79
2.40, 0.35, 0.90, 1300, 1000, 0, 3.076269, 0.325069, 4.79
2.40, 0.35, 0.90, 1300, 1000, 1, 1.385995, 0.721503, 4.79
2.40, 0.35, 0.90, 1300, 1000, 2, 1.513032, 0.660925, 4.79
2.40, 0.50, 0.60, 400, 100, 0, 0.258802, 3.863958, 4.88
2.40, 0.50, 0.60, 400, 100, 1, 0.217716, 4.593140, 4.88
2.40, 0.50, 0.60, 400, 100, 2, 0.208173, 4.803697, 4.88
2.40, 0.50, 0.60, 400, 550, 0, 0.671229, 1.489805, 4.86
2.40, 0.50, 0.60, 400, 550, 1, 0.380830, 2.625844, 4.85
2.40, 0.50, 0.60, 400, 550, 2, 0.439460, 2.275520, 4.86
2.40, 0.50, 0.60, 400, 1000, 0, 1.071189, 0.933542, 4.85
2.40, 0.50, 0.60, 400, 1000, 1, 0.563199, 1.775571, 4.85
2.40, 0.50, 0.60, 400, 1000, 2, 0.609512, 1.640657, 4.85
2.40, 0.50, 0.60, 850, 100, 0, 0.361869, 2.763431, 4.85
2.40, 0.50, 0.60, 850, 100, 1, 0.285080, 3.507787, 4.85
2.40, 0.50, 0.60, 850, 100, 2, 0.252489, 3.960569, 4.85
2.40, 0.50, 0.60, 850, 550, 0, 1.213166, 0.824290, 4.85
2.40, 0.50, 0.60, 850, 550, 1, 0.627653, 1.593237, 4.85
2.40, 0.50, 0.60, 850, 550, 2, 0.668928, 1.494929, 4.85
2.40, 0.50, 0.60, 850, 1000, 0, 2.085350, 0.479536, 4.83
2.40, 0.50, 0.60, 850, 1000, 1, 1.005163, 0.994864, 4.83
2.40, 0.50, 0.60, 850, 1000, 2, 1.065184, 0.938805, 4.83
2.40, 0.50, 0.60, 1300, 100, 0, 0.462225, 2.163449, 4.85
2.40, 0.50, 0.60, 1300, 100, 1, 0.302975, 3.300602, 4.85
2.40, 0.50, 0.60, 1300, 100, 2, 0.355262, 2.814824, 4.85
2.40, 0.50, 0.60, 1300, 550, 0, 1.779640, 0.561911, 4.84
2.40, 0.50, 0.60, 1300, 550, 1, 0.851241, 1.174755, 4.84
2.40, 0.50, 0.60, 1300, 550, 2, 0.899379, 1.111878, 4.84
2.40, 0.50, 0.60, 1300, 1000, 0, 3.131513, 0.319334, 4.83
2.40, 0.50, 0.60, 1300, 1000, 1, 1.436495, 0.696139, 4.83
2.40, 0.50, 0.60, 1300, 1000, 2, 1.535550, 0.651232, 4.83
2.40, 0.50, 0.75, 400, 100, 0, 0.337722, 2.961015, 4.82
2.40, 0.50, 0.75, 400, 100, 1, 0.197467, 5.064137, 4.82
2.40, 0.50, 0.75, 400, 100, 2, 0.216461, 4.619770, 4.82
2.40, 0.50, 0.75, 400, 550, 0, 0.639938, 1.562651, 4.83
2.40, 0.50, 0.75, 400, 550, 1, 0.413857, 2.416294, 4.83
2.40, 0.50, 0.75, 400, 550, 2, 0.406110, 2.462387, 4.83
2.40, 0.50, 0.75, 400, 1000, 0, 1.063272, 0.940493, 4.83
2.40, 0.50, 0.75, 400, 1000, 1, 0.592484, 1.687809, 4.83
2.40, 0.50, 0.75, 400, 1000, 2, 0.651864, 1.534062, 4.83
2.40, 0.50, 0.75, 850, 100, 0, 0.338985, 2.949983, 4.81
2.40, 0.50, 0.75, 850, 100, 1, 0.250410, 3.993451, 4.81
2.40, 0.50, 0.75, 850, 100, 2, 0.298366, 3.351588, 4.81
2.40, 0.50, 0.75, 850, 550, 0, 1.232093, 0.811627, 4.83
2.40, 0.50, 0.75, 850, 550, 1, 0.631180, 1.584334, 4.82
2.40, 0.50, 0.75, 850, 550, 2, 0.636014, 1.572292, 4.83
2.40, 0.50, 0.75, 850, 1000, 0, 2.069888, 0.483118, 4.83
2.40, 0.50, 0.75, 850, 1000, 1, 0.982271, 1.018049, 4.83
2.40, 0.50, 0.75, 850, 1000, 2, 1.071241, 0.933497, 4.83
2.40, 0.50, 0.75, 1300, 100, 0, 0.475030, 2.105130, 4.80
2.40, 0.50, 0.75, 1300, 100, 1, 0.297896, 3.356876, 4.80
2.40, 0.50, 0.75, 1300, 100, 2, 0.312182, 3.203260, 4.80
2.40, 0.50, 0.75, 1300, 550, 0, 1.779552, 0.561939, 4.82
2.40, 0.50, 0.75, 1300, 550, 1, 0.890706, 1.122705, 4.82
2.40, 0.50, 0.75, 1300, 550, 2, 0.898647, 1.112784, 4.82
2.40, 0.50, 0.75, 1300, 1000, 0, 3.084420, 0.324210, 4.82
2.40, 0.50, 0.75, 1300, 1000, 1, 1.444891, 0.692094, 4.82
2.40, 0.50, 0.75, 1300, 1000, 2, 1.507292, 0.663441, 4.82
2.40, 0.50, 0.90, 400, 100, 0, 0.239343, 4.178104, 4.75
2.40, 0.50, 0.90, 400, 100, 1, 0.210084, 4.760001, 4.75
2.40, 0.50, 0.90, 400, 100, 2, 0.238602, 4.191080, 4.75
2.40, 0.50, 0.90, 400, 550, 0, 0.653776, 1.529576, 4.77
2.40, 0.50, 0.90, 400, 550, 1, 0.381301, 2.622600, 4.76
2.40, 0.50, 0.90, 400, 550, 2, 0.398360, 2.510292, 4.77
2.40, 0.50, 0.90, 400, 1000, 0, 1.048858, 0.953418, 4.78
2.40, 0.50, 0.90, 400, 1000, 1, 0.552576, 1.809706, 4.78
2.40, 0.50, 0.90, 400, 1000, 2, 0.572712, 1.746078, 4.78
2.40, 0.50, 0.90, 850, 100, 0, 0.357059, 2.800658, 4.75
2.40, 0.50, 0.90, 850, 100, 1, 0.256425, 3.899776, 4.75
2.40, 0.50, 0.90, 850, 100, 2, 0.257381, 3.885291, 4.75
2.40, 0.50, 0.90, 850, 550, 0, 1.214033, 0.823701, 4.78
2.40, 0.50, 0.90, 850, 550, 1, 0.618742, 1.616183, 4.76
2.40, 0.50, 0.90, 850, 550, 2, 0.624493, 1.601299, 4.78
2.40, 0.50, 0.90, 850, 1000, 0, 2.070470, 0.482982, 4.79
2.40, 0.50, 0.90, 850, 1000, 1, 0.958017, 1.043823, 4.79
2.40, 0.50, 0.90, 850, 1000, 2, 1.028962, 0.971853, 4.79
2.40, 0.50, 0.90, 1300, 100, 0, 0.468979, 2.132292, 4.74
2.40, 0.50, 0.90, 1300, 100, 1, 0.295387, 3.385389, 4.74
2.40, 0.50, 0.90, 1300, 100, 2, 0.316413, 3.160426, 4.74
2.40, 0.50, 0.90, 1300, 550, 0, 1.748294, 0.571986, 4.78
2.40, 0.50, 0.90, 1300, 550, 1, 0.849380, 1.177329, 4.77
2.40, 0.50, 0.90, 1300, 550, 2, 0.896668, 1.115240, 4.78
2.40, 0.50, 0.90, 1300, 1000, 0, 3.063941, 0.326377, 4.79
2.40, 0.50, 0.90, 1300, 1000, 1, 1.401633, 0.713454, 4.79
2.40, 0.50, 0.90, 1300, 1000, 2, 1.482924, 0.674343, 4.79
0.60, 0.35, 0.60, 400, 100, 2, 0.167615, 5.966053, 5.07
0.60, 0.35, 0.60, 400, 100, 2, 0.163876, 6.102175, 5.07
2.40, 0.50, 0.90, 1300, 100, 2, 0.338622, 2.953145, 4.74
0.60, 0.50, 0.90, 400, 100, 1, 0.153875, 6.498781, 4.88
2.40, 0.50, 0.60, 1300, 1000, 0, 3.081346, 0.324533, 4.83
